epoch,steps,Macro_F1,Micro_F1,Weighted_F1
1.0,53,0.5307777777777778,0.7564766839378239,0.7995077720207254
1.0,53,0.5121242823370483,0.7202072538860104,0.7699114393855878
