epoch,steps,Macro_F1,Micro_F1,Weighted_F1
1.0,60,0.5529729044373396,0.7928994082840237,0.8297395416803205
